,Ticker
0,AAPL
1,MSFT
2,GOOG
3,GOOGL
4,AMZN
5,NVDA
6,META
7,TSLA
8,AVGO
9,PEP
10,COST
11,ADBE
12,CSCO
13,CMCSA
14,NFLX
15,AMD
16,TMUS
17,TXN
18,INTC
19,INTU
20,AMGN
21,QCOM
22,HON
23,AMAT
24,SBUX
25,BKNG
26,ISRG
27,ADP
28,MDLZ
29,GILD
30,ADI
31,VRTX
32,LRCX
33,REGN
34,ABNB
35,MU
36,CME
37,EQIX
38,ATVI
39,PYPL
40,KLAC
41,PANW
42,SNPS
43,CHTR
44,CDNS
45,CSX
46,MNST
47,MAR
48,WDAY
49,ORLY
50,ROP
51,CTAS
52,KDP
53,FTNT
54,ODFL
55,MCHP
56,ADSK
57,PAYX
58,PCAR
59,DXCM
60,CPRT
61,IDXX
62,KHC
63,ON
64,AEP
65,MRVL
66,EXC
67,ROST
68,BIIB
69,FWONK
70,MRNA
71,TTD
72,SGEN
73,CRWD
74,CTSH
75,BKR
76,FWONA
77,CEG
78,VRSK
79,EA
80,CSGP
81,FAST
82,WBD
83,XEL
84,DLTR
85,GFS
86,DDOG
87,ILMN
88,CDW
89,ALGN
90,FANG
91,ANSS
92,BATRA
93,MDB
94,SABRP
95,HBANP
96,TROW
97,DKNG
98,NDAQ
99,WBA
100,MPWR
101,SBAC
102,SYM
103,TSCO
104,TTWO
105,EBAY
106,ULTA
107,ALNY
108,FSLR
109,VRSN
110,BATRK
111,FCNCA
112,ZS
113,JBHT
114,RIVN
115,ZM
116,TW
117,COIN
118,ENPH
119,PFG
120,HOLX
121,FITB
122,RPRX
123,SIRI
124,STLD
125,FITBI
126,LPLA
127,SWKS
128,PTC
129,EXPD
130,WMG
131,UAL
132,BMRN
133,HBAN
134,CINF
135,FITBP
136,FOXA
137,NTAP
138,SPLK
139,NTRS
140,TER
141,EXPE
142,AKAM
143,PODD
144,FOX
145,LCID
146,AXON
147,EXAS
148,AGNCN
149,ENTG
150,INCY
151,POOL
152,LKQ
153,SMCI
154,CELH
155,AGNCO
156,SSNC
157,QRTEP
158,BSY
159,AGNCM
160,FITBO
161,LSXMB
162,APP
163,TRMB
164,NDSN
165,APA
166,LSXMK
167,WDC
168,LBRDA
169,ZBRA
170,LSXMA
171,LBRDK
172,GEN
173,VTRS
174,TECH
175,ERIE
176,EVRG
177,Z
178,LNT
179,AGNCP
180,ZG
181,AZPN
182,NWS
183,MTCH
184,JKHY
185,GLPI
186,NWSA
187,LSCC
188,VLYPO
189,PARAA
190,MANH
191,CZR
192,OKTA
193,ROKU
194,OCCIN
195,LEGN
196,HST
197,WYNN
198,SAIA
199,CG
200,CHK
201,PCTY
202,CHRW
203,REG
204,LECO
205,UTHR
206,FIVE
207,ARCC
208,LOGI
209,PAA
210,SRPT
211,VLYPP
212,AAL
213,NBIX
214,OZK
215,CFLT
216,QRVO
217,BRKR
218,HSIC
219,DOCU
220,IBKR
221,DBX
222,ETSY
223,RGEN
224,PARA
225,HOOD
226,OZKAP
227,IEP
228,FFIV
229,MORN
230,CHDN
231,CASY
232,HAS
233,LAMR
234,TTEK
235,CAR
236,MKTX
237,SWAV
238,CGNX
239,WSC
240,SOFI
241,TPG
242,SEIC
243,MEDP
244,XRAY
245,EWBC
246,MIDD
247,NATI
248,GNTX
249,MAT
250,WWD
251,ALGM
252,RGLD
253,ZI
254,OLED
255,CHX
256,TXRH
257,ACHC
258,LSTR
259,NTNX
260,RCM
261,GTLB
262,LNW
263,EXEL
264,KRTX
265,COKE
266,CCCS
267,FRSH
268,NTRA
269,CBSH
270,LFUS
271,AMKR
272,RETA
273,CHRD
274,MKSI
275,UFPI
276,SPSC
277,CACC
278,IRDM
279,OPCH
280,WFRD
281,AMAM
282,CROX
283,PPC
284,SIGI
285,APPF
286,HQY
287,RMBS
288,MASI
289,REYN
290,TXG
291,AGNC
292,NFE
293,HALO
294,IONS
295,SSB
296,DUOL
297,NXST
298,HCP
299,BOKF
300,NOVT
301,PLUG
302,ACLS
303,HTZ
304,ITCI
305,ZION
306,QLYS
307,ENSG
308,MSTR
309,PNFP
310,MTSI
311,AUR
312,NSIT
313,TENB
314,AAON
315,BECN
316,BBIO
317,ALTR
318,LANC
319,NEOG
320,QDEL
321,FIZZ
322,WTFC
323,HLNE
324,FIVN
325,BPOP
326,IAC
327,WING
328,VLY
329,IPGP
330,ONB
331,POWI
332,SHC
333,EXLS
334,LNTH
335,FOXF
336,CWST
337,ACT
338,RRR
339,COLM
340,OLLI
341,VNOM
342,ACAD
343,WEN
344,EXPO
345,AFRM
346,SLAB
347,UBSI
348,BCPC
349,SYNH
350,FFIN
351,CRUS
352,LYFT
353,IPAR
354,NWL
355,FELE
356,ASO
357,COLB
358,SGRY
359,FYBR
360,PCVX
361,OXLCM
362,SRCL
363,FCFS
364,FLNC
365,NTRSO
366,AEIS
367,GH
368,AVT
369,EEFT
370,RELY
371,PECO
372,DISH
373,TFSL
374,EXTR
375,OXLCL
376,FOCS
377,NARI
378,BRZE
379,PYCR
380,BLKB
381,APLS
382,PEGA
383,MMSI
384,VC
385,SFM
386,PCH
387,CNXC
388,VSAT
389,FRPT
390,COOP
391,FOLD
392,OTTR
393,ZIONO
394,PENN
395,IMGN
396,CRVL
397,GT
398,ZIONL
399,DIOD
400,HWC
401,PGNY
402,SHLS
403,SYNA
404,SMPL
405,RUN
406,RUSHB
407,IRTC
408,IART
409,APPN
410,ARRY
411,FTAI
412,LITE
413,EXPI
414,CERE
415,DHCNL
416,CCOI
417,UCBI
418,ICUI
419,NTLA
420,RUSHA
421,FLYW
422,AXSM
423,URBN
424,AZTA
425,KRYS
426,DNLI
427,VRNS
428,PDCO
429,SLM
430,GO
431,VICR
432,LOPE
433,UMBF
434,PRTA
435,RVMD
436,VRRM
437,JJSF
438,STEP
439,LBRDP
440,ITRI
441,BANF
442,INSM
443,BHF
444,MDGL
445,CORT
446,BL
447,NWE
448,PINC
449,PRVA
450,LGIH
451,SANM
452,ZD
453,ARWR
454,PTCT
455,PAGP
456,BPMC
457,PTEN
458,TWNK
459,CVLT
460,CYTK
461,RPD
462,VIRT
463,AXNX
464,RKLB
465,LFST
466,AMED
467,TCBI
468,WDFC
469,MQ
470,OMCL
471,GDRX
472,ABCB
473,HTZWW
474,ZIONP
475,VERX
476,FIBK
477,SITM
478,UPST
479,CSWI
480,SBRA
481,PACB
482,LTRPB
483,ALRM
484,AMBA
485,BRP
486,IBOC
487,WERN
488,NCNO
489,POWWP
490,SCPL
491,WIRE
492,FTDR
493,IMVT
494,FROG
495,RTLPP
496,CERT
497,PTON
498,MGPI
499,RIOT
500,RARE
501,MGEE
502,HUBG
503,DORM
504,PZZA
505,IOSP
506,PLXS
507,AMPH
508,SDGR
509,CATY
510,AKRO
511,WSFS
512,SHOO
513,PRGS
514,MARA
515,MORF
516,CVBF
517,SPT
518,ACIW
519,ACVA
520,ENVX
521,EBC
522,PSEC
523,DRVN
524,ARLP
525,ARCB
526,CVCO
527,BGC
528,MRVI
529,FHB
530,GBDC
531,UCBIO
532,INDB
533,LAZR
534,MGRC
535,STRL
536,FORM
537,FTAIO
538,ICFI
539,ATRC
540,NMIH
541,NUVL
542,FTAIP
543,MYRG
544,AVAV
545,CENT
546,PSMT
547,XRX
548,SFNC
549,GSHD
550,LZ
551,BMBL
552,MRTX
553,XPEL
554,PPBI
555,VIAV
556,OPEN
557,VRNT
558,SOVO
559,JSM
560,FBIOP
561,CALM
562,LAUR
563,FULT
564,INTA
565,PCTTU
566,CENTA
567,FA
568,IDCC
569,CRCT
570,JAMF
571,IAS
572,JBLU
573,ROCK
574,TRIP
575,CRDO
576,BLMN
577,VCTR
578,DNUT
579,WOOF
580,NAVI
581,RDNT
582,PRFT
583,HTIBP
584,NUVA
585,FFBC
586,AVDX
587,PAYO
588,STAA
589,KTOS
590,CARG
591,TBBK
592,TMDX
593,MRCY
594,NYMTM
595,HWCPZ
596,THRM
597,NTCT
598,SNEX
599,RXRX
600,EVCM
601,BEAM
602,ZNTL
603,SBCF
604,OSIS
605,SATS
606,WAFD
607,HRMY
608,HTIA
609,GPRE
610,LILA
611,CBRL
612,NYMTN
613,HURN
614,LILAK
615,ALGT
616,VTYX
617,HPK
618,AHCO
619,FWRD
620,FRME
621,TNDM
622,TOWN
623,CLBK
624,UPWK
625,ROAD
626,HLMN
627,AMEH
628,VCYT
629,DVAX
630,MRTN
631,ODP
632,PATK
633,SWTX
634,SABR
635,IBTX
636,AGYS
637,ROIC
638,STRA
639,ATEC
640,SONO
641,PCT
642,MXL
643,NEO
644,VIR
645,SKYW
646,PLAY
647,COHU
648,IOVA
649,HEES
650,PLUS
651,CAKE
652,CSGS
653,UPBD
654,ANDE
655,SNCRL
656,OLPX
657,RNST
658,VECO
659,SUPN
660,RVNC
661,PNFPP
662,PCRX
663,NYMTL
664,JACK
665,ARHS
666,TGTX
667,UDMY
668,GOGO
669,PI
670,NWLI
671,NVEE
672,SMTC
673,CRSR
674,ACLX
675,WSBC
676,RILY
677,TFIN
678,ULCC
679,BANR
680,NBTB
681,ATSG
682,TWKS
683,NYMTZ
684,CPRX
685,IMKTA
686,IRWD
687,BHFAO
688,COCO
689,ERII
690,ADUS
691,OCSL
692,TRMK
693,AGIO
694,VCEL
695,BHFAL
696,EFSC
697,PTVE
698,GERN
699,GCMG
700,MLKN
701,TTMI
702,UCTT
703,NWBI
704,RYTM
705,EYE
706,RADI
707,MDRX
708,NVTS
709,SEAT
710,PRCT
711,VKTX
712,CLDX
713,MYGN
714,TH
715,BHFAP
716,ALKT
717,VRTS
718,WTFCP
719,PLAB
720,MSEX
721,OSTK
722,SCHL
723,IDYA
724,SPWR
725,SYBT
726,CHCO
727,SVC
728,LKFN
729,NKLA
730,CSSEN
731,MNKD
732,AMLX
733,XNCR
734,OCFCP
735,IESC
736,NSSC
737,WTFCM
738,TTEC
739,SMMT
740,WSBCP
741,PLMR
742,RLAY
743,PDFS
744,AMPL
745,BCRX
746,OPK
747,MNTK
748,METCL
749,CNXN
750,HTLF
751,UNIT
752,RCKT
753,ARVN
754,MBIN
755,LESL
756,MATW
757,EVGO
758,LNZA
759,MCRI
760,STER
761,CLMT
762,WINA
763,AEHR
764,NMRK
765,SAGE
766,SNDX
767,UFPT
768,NMFC
769,CASH
770,ALHC
771,ANGI
772,TWST
773,LMAT
774,WABC
775,TCBK
776,AMWD
777,ANIP
778,KALU
779,ETNB
780,KFRC
781,HTLD
782,INDI
783,USLM
784,HOPE
785,CTKB
786,JBSS
787,SGH
788,DCPH
789,TRUP
790,HLIT
791,IRON
792,DSGR
793,KNSA
794,EVLV
795,ASTE
796,CBAY
797,ECPG
798,EMBC
799,CHEF
800,MGNI
801,HWKN
802,DAWN
803,AVID
804,TVTX
805,BUSE
806,STBA
807,LGND
808,MBUU
809,REPL
810,AVPT
811,RDFN
812,DH
813,SRCE
814,SHEN
815,ROVR
816,DMLP
817,VBTX
818,NXGN
819,EWCZ
820,GDEN
821,APOG
822,KYMR
823,BHFAN
824,HCCI
825,DGII
826,PTGX
827,EQRX
828,VERV
829,PRDO
830,MNRO
831,TRS
832,PLRX
833,OCFC
834,CRNC
835,CMCO
836,HAIN
837,ADEA
838,SASR
839,SANA
840,DCGO
841,TMCI
842,RXST
843,PTLO
844,KROS
845,FRG
846,NRC
847,SAFT
848,ACCD
849,KRUS
850,ADMA
851,COGT
852,MBINP
853,IRBT
854,SSYS
855,AMSF
856,CLSK
857,FLGT
858,LPRO
859,HTLFP
860,ICHR
861,MIRM
862,PACW
863,TASK
864,RTL
865,ARKO
866,SBSI
867,AUROW
868,PEBO
869,BHFAM
870,INFN
871,SLP
872,POWL
873,FBMS
874,HCSG
875,QTRX
876,GIII
877,LBAI
878,WEST
879,OXLC
880,CIFR
881,PWP
882,CLNE
883,ALTI
884,EVBG
885,CRNX
886,APPS
887,PFBC
888,ATRI
889,SBGI
890,BRKL
891,PNT
892,KIDS
893,ADPT
894,IBCP
895,WRLD
896,RBCAA
897,MFIC
898,DCOM
899,SNCY
900,ADV
901,ASTS
902,CSWC
903,SCHN
904,GABC
905,QCRH
906,INVA
907,FRGAP
908,PHAT
909,PLL
910,SKIN
911,KURA
912,MDXG
913,VRDN
914,ARDX
915,GDYN
916,BFC
917,RPAY
918,SIBN
919,HROWL
920,THRY
921,CFFN
922,IBRX
923,CCRN
924,LANDM
925,OFLX
926,AMRK
927,VREX
928,SLRC
929,BIGC
930,NEXT
931,BYND
932,ACMR
933,VSEC
934,TTGT
935,AVO
936,NYMT
937,COLL
938,WW
939,SP
940,MTTR
941,RAPT
942,LWLG
943,OM
944,RGNX
945,CNOB
946,AVTA
947,ULH
948,SPTN
949,CDMO
950,GOODN
951,BJRI
952,VERA
953,SNPO
954,PLPC
955,SSP
956,COMM
957,PRAA
958,INNV
959,EGBN
960,SILK
961,IIIV
962,CGBD
963,SAVA
964,ELVN
965,APLD
966,XMTR
967,FCEL
968,PFC
969,RMR
970,CLOV
971,MLAB
972,AVXL
973,CRAI
974,CENX
975,TRNS
976,TCPC
977,GOODO
978,HCAT
979,RILYL
980,RILYM
981,CRMT
982,DHC
983,BASE
984,NRDS
985,CNDT
986,DWACU
987,PRTC
988,EDIT
989,SCSC
990,FDMT
991,DMRC
992,INBX
993,LANDO
994,LUNR
995,OSBC
996,CHUY
997,ALLO
998,CVLG
999,SCVL
1000,CTBI
1001,KE
1002,NVAX
1003,BLBD
1004,LFMDP
1005,PUBM
1006,HSTM
1007,VMEO
1008,DYN
1009,BMEA
1010,MVST
1011,AMTB
1012,TITN
1013,TYRA
1014,CYRX
1015,SPRY
1016,HCKT
1017,RILYN
1018,RILYP
1019,RNA
1020,STCN
1021,ATEX
1022,CVGW
1023,DWAC
1024,HFWA
1025,BBSI
1026,ME
1027,DCOMP
1028,GSBC
1029,ADTN
1030,ALPN
1031,BELFB
1032,RICK
1033,CCAP
1034,SNBR
1035,ALEC
1036,IMXI
1037,HBT
1038,CCSI
1039,BLTE
1040,HAYN
1041,TNGX
1042,RILYG
1043,RILYT
1044,NCMI
1045,IRMD
1046,DOMO
1047,PAHC
1048,CLFD
1049,FCBC
1050,GPRO
1051,BRY
1052,FORR
1053,NEWTL
1054,KELYA
1055,GCBC
1056,YORW
1057,HROW
1058,CCB
1059,WALD
1060,ATNI
1061,FMBH
1062,JOUT
1063,TILE
1064,EFSCP
1065,CRBU
1066,SCWX
1067,GLDD
1068,LAND
1069,AMAL
1070,SWBI
1071,TIPT
1072,PIII
1073,JANX
1074,SOUN
1075,MOND
1076,LIND
1077,UVSP
1078,DENN
1079,RILYZ
1080,HAFC
1081,TRST
1082,CFB
1083,HIBB
1084,ASLE
1085,HTBK
1086,ACRS
1087,ZEUS
1088,LQDT
1089,PETQ
1090,EOLS
1091,ATRO
1092,MBWM
1093,LYEL
1094,DXPE
1095,GOOD
1096,TARS
1097,RGP
1098,HSII
1099,BLFS
1100,KRNY
1101,SCLX
1102,SHYF
1103,CTLP
1104,CCBG
1105,MVIS
1106,MCBS
1107,MODV
1108,MKTW
1109,HLVX
1110,ARQT
1111,CABA
1112,CASS
1113,AMCX
1114,WULF
1115,RWAY
1116,MITK
1117,HBNC
1118,FRPH
1119,BFST
1120,PTSI
1121,SRDX
1122,TRIN
1123,CMPO
1124,QNST
1125,FLWS
1126,AMOT
1127,NFBK
1128,HA
1129,WASH
1130,CAC
1131,LEGH
1132,ATLC
1133,SVRA
1134,CDLX
1135,SMBC
1136,LASR
1137,ANAB
1138,TRDA
1139,FMNB
1140,AGEN
1141,ZYME
1142,LBC
1143,CDNA
1144,RBBN
1145,CSTL
1146,DHIL
1147,MSBI
1148,PGC
1149,MYPS
1150,FDUS
1151,EYPT
1152,NN
1153,UFCS
1154,MCRB
1155,CEVA
1156,KRT
1157,SWIM
1158,DGICA
1159,EZPW
1160,ARTNA
1161,VITL
1162,KVSA
1163,IHRT
1164,RXT
1165,FWRG
1166,AAOI
1167,MCFT
1168,BWMN
1169,SOHON
1170,CECO
1171,BOOM
1172,OSUR
1173,CCNEP
1174,HONE
1175,IGMS
1176,RCEL
1177,SFIX
1178,CATC
1179,OSPN
1180,AMNB
1181,LQDA
1182,SPFI
1183,HDSN
1184,THFF
1185,CNSL
1186,APLM
1187,ALDX
1188,TCMD
1189,EBIX
1190,HIFS
1191,FFIC
1192,BBCP
1193,NEWT
1194,GAIN
1195,CGEM
1196,AIRS
1197,LSEA
1198,NRIX
1199,ORIC
1200,METC
1201,ONEW
1202,EGHT
1203,VTNR
1204,EWTX
1205,CHRS
1206,GOCO
1207,OLMA
1208,NBN
1209,ITOS
1210,PLSE
1211,PGEN
1212,ICPT
1213,LIFW
1214,TDUP
1215,SLDP
1216,ABOS
1217,HTBI
1218,HUMA
1219,VYGR
1220,SMBK
1221,LXRX
1222,CCLDP
1223,LUNG
1224,FFWM
1225,SHCR
1226,UHG
1227,GLAD
1228,DJCO
1229,TSP
1230,AURA
1231,DSGN
1232,ESQ
1233,RDIB
1234,HRZN
1235,OTLK
1236,INOD
1237,BTMD
1238,SRRK
1239,CCNE
1240,ACTG
1241,MXCT
1242,ERAS
1243,FSBC
1244,FHTX
1245,PMVP
1246,TAST
1247,BTM
1248,DSP
1249,CBUS
1250,ALRS
1251,SLGC
1252,CSSEP
1253,NTGR
1254,AMSWA
1255,TERN
1256,NVEC
1257,BRLT
1258,LPSN
1259,LOVE
1260,SMTI
1261,EXFY
1262,GEVO
1263,AVTE
1264,BVS
1265,THRN
1266,CVRX
1267,SGHT
1268,DAKT
1269,LGVC
1270,CHSCP
1271,LYTS
1272,SENEA
1273,MPB
1274,BLNK
1275,ZUMZ
1276,LOCO
1277,EBTC
1278,OPI
1279,MOFG
1280,LMB
1281,RRBI
1282,QRTEA
1283,MGTX
1284,SIGA
1285,ORGO
1286,FBNC
1287,OCUL
1288,SKYT
1289,PNTG
1290,UTMD
1291,SMMF
1292,CERS
1293,VNDA
1294,VLGEA
1295,RSVR
1296,BAND
1297,MGNX
1298,INSE
1299,AVNW
1300,BMRC
1301,AVAH
1302,ALLK
1303,PLCE
1304,MRNS
1305,ANGO
1306,CARE
1307,CVGI
1308,ENTA
1309,MVBF
1310,HNRG
1311,CMPX
1312,PFIS
1313,ALVR
1314,GLUE
1315,ICVX
1316,FARO
1317,SBT
1318,NATR
1319,MCBC
1320,TWOU
1321,CZNC
1322,WLDN
1323,WTBA
1324,ZIMV
1325,VMD
1326,PRTH
1327,LE
1328,BSRR
1329,NWPX
1330,GPP
1331,AROW
1332,FLIC
1333,CLAR
1334,SENEB
1335,XERS
1336,ATLCP
1337,DXLG
1338,NATH
1339,ALTO
1340,FFIE
1341,INZY
1342,GRPN
1343,AMSC
1344,BAER
1345,LFCR
1346,TSVT
1347,CPZ
1348,ARAY
1349,VAXX
1350,GBIO
1351,LVOX
1352,BWB
1353,FCNCO
1354,FATE
1355,IVCP
1356,HYZN
1357,FNLC
1358,FNKO
1359,RDVT
1360,CSTR
1361,CPSI
1362,FISI
1363,OB
1364,WHF
1365,ASUR
1366,ACNB
1367,PCYO
1368,ITIC
1369,FCNCP
1370,WLFC
1371,BTBT
1372,FNGR
1373,CUTR
1374,VUZI
1375,GWRS
1376,TCBX
1377,SPOK
1378,CIVB
1379,KLTR
1380,IMRX
1381,FDBC
1382,AVIR
1383,CBNK
1384,ANIK
1385,SAMG
1386,SCPH
1387,HBCP
1388,WSBF
1389,TNYA
1390,LMNR
1391,VCSA
1392,ZYXI
1393,XOMAO
1394,PANL
1395,TRHC
1396,FMAO
1397,BLDE
1398,XOMAP
1399,EOSE
1400,FBIZ
1401,AKYA
1402,HQI
1403,ATLX
1404,NODK
1405,HFFG
1406,REFI
1407,LINC
1408,ILPT
1409,TALK
1410,SSTI
1411,OBT
1412,RBB
1413,JMSB
1414,BCAL
1415,FATBP
1416,DSKE
1417,CDZI
1418,PETS
1419,TTSH
1420,AFCG
1421,CMTL
1422,GOSS
1423,NRIM
1424,AXGN
1425,BKCC
1426,LUNA
1427,VCXAU
1428,TREE
1429,UONE
1430,PMTS
1431,UNTY
1432,PBPB
1433,STRO
1434,DLTH
1435,FULC
1436,UONEK
1437,AMTX
1438,NVCT
1439,GOEV
1440,REAL
1441,CARM
1442,III
1443,FTCI
1444,OMER
1445,BLFY
1446,TPIC
1447,PBFS
1448,OVID
1449,CMAX
1450,NECB
1451,ASTSW
1452,AKBA
1453,PRPL
1454,YMAB
1455,PKOH
1456,SDC
1457,POWW
1458,AIP
1459,STOK
1460,FSBW
1461,WEYS
1462,FUND
1463,EHTH
1464,VSTM
1465,NWFL
1466,TSBK
1467,PRTS
1468,ORRF
1469,SCWO
1470,CNVS
1471,BCML
1472,BSVN
1473,IMMR
1474,HOFT
1475,OPRT
1476,EGRX
1477,ATXS
1478,BIRD
1479,SFST
1480,VIGL
1481,FRST
1482,MASS
1483,LAB
1484,RMNI
1485,EGAN
1486,PSTX
1487,SPWH
1488,FVCB
1489,CRMD
1490,RLYB
1491,SHBI
1492,QIPT
1493,ESCA
1494,PCB
1495,TELA
1496,NUTX
1497,CNTY
1498,STRS
1499,USCB
1500,FENC
1501,SQFTP
1502,STKS
1503,BWFG
1504,FRGI
1505,RANI
1506,PKBK
1507,DWACW
1508,CELC
1509,PDLB
1510,CPSS
1511,OPRX
1512,VRA
1513,TUSK
1514,SSBK
1515,VRCA
1516,OBIO
1517,RIGL
1518,INVE
1519,MRAM
1520,XFOR
1521,CVLY
1522,TRUE
1523,WTER
1524,ORGN
1525,RRGB
1526,PRLD
1527,VABK
1528,ALXO
1529,MYFW
1530,LIAN
1531,HEAR
1532,SWKH
1533,VRM
1534,BCBP
1535,EVER
1536,ATRA
1537,PFMT
1538,BGFV
1539,KPTI
1540,AUGX
1541,PTMN
1542,FSTR
1543,SNFCA
1544,ITI
1545,SMLR
1546,MFIN
1547,VOR
1548,KLXE
1549,KOPN
1550,RPHM
1551,OMGA
1552,BPRN
1553,INBK
1554,RGCO
1555,INBKZ
1556,JAKK
1557,FLL
1558,VOXX
1559,SKYX
1560,HMST
1561,CFFI
1562,ANTX
1563,COFS
1564,IKNA
1565,CBAN
1566,CVCY
1567,LRMR
1568,ZVRA
1569,PCYG
1570,XOMA
1571,OXSQ
1572,LYRA
1573,ADVM
1574,HRTX
1575,SGMO
1576,ALCO
1577,SEER
1578,CLMB
1579,LCNB
1580,ASRT
1581,MNSB
1582,ESPR
1583,GRWG
1584,PBYI
1585,TWIN
1586,MACK
1587,IVVD
1588,ESSA
1589,RELL
1590,MTRX
1591,ATOM
1592,CTRN
1593,PRST
1594,PNRG
1595,CRGE
1596,NGM
1597,LAZY
1598,PVBC
1599,MNSBP
1600,HBIO
1601,ATLO
1602,EVGOW
1603,CAPR
1604,BCOV
1605,BDTX
1606,PESI
1607,SEEL
1608,REKR
1609,MPAA
1610,FREE
1611,HYPR
1612,FGFPP
1613,APYX
1614,NKSH
1615,CCCC
1616,CCLP
1617,IPSC
1618,TGAN
1619,LVO
1620,PDSB
1621,CTG
1622,GRTS
1623,ABSI
1624,RCMT
1625,CARA
1626,MAPS
1627,ANNX
1628,DIBS
1629,SELB
1630,WKHS
1631,VGAS
1632,LBPH
1633,MRSN
1634,KOD
1635,EGIO
1636,MRCC
1637,ALT
1638,LFMD
1639,NKTR
1640,JYNT
1641,SEVN
1642,CALB
1643,TLS
1644,LTRX
1645,CLPT
1646,MINM
1647,TRVI
1648,OPBK
1649,STRRP
1650,XBIT
1651,LCUT
1652,NDLS
1653,INMB
1654,BSET
1655,BLZE
1656,JSPR
1657,DLHC
1658,GRPH
1659,CTXR
1660,AADI
1661,PRAX
1662,NSTG
1663,SGC
1664,HURC
1665,FEAM
1666,INGN
1667,LCA
1668,BIVI
1669,WNEB
1670,WISH
1671,FRLA
1672,ISSC
1673,OPTN
1674,AKTS
1675,CUE
1676,ISTR
1677,HNST
1678,CDXS
1679,FCCO
1680,MRBK
1681,RCKY
1682,TSHA
1683,AREC
1684,GLSI
1685,FINW
1686,FGBI
1687,VIASP
1688,THRX
1689,ROOT
1690,OFS
1691,WGS
1692,FATBB
1693,RMBI
1694,QRHC
1695,PEPG
1696,HNVR
1697,ULBI
1698,SGA
1699,PRDS
1700,TTOO
1701,FRAF
1702,MAMA
1703,DBTX
1704,CTSO
1705,USAP
1706,FGEN
1707,NB
1708,ASYS
1709,KNTE
1710,FTHM
1711,UEIC
1712,AOUT
1713,TALS
1714,BTAI
1715,FAT
1716,RVSB
1717,FONR
1718,BCAB
1719,PRTK
1720,SMID
1721,FNWB
1722,BGXX
1723,HWBK
1724,NTIC
1725,ADTH
1726,INO
1727,BNGO
1728,EPSN
1729,ATOS
1730,GEOS
1731,FNCB
1732,GNSS
1733,UBFO
1734,RMBL
1735,CDXC
1736,AQMS
1737,BANX
1738,KRMD
1739,MNOV
1740,EML
1741,SMSI
1742,NPCE
1743,HGBL
1744,FSFG
1745,WHLRD
1746,BDSX
1747,MMAT
1748,ANIX
1749,AQST
1750,FCUV
1751,PFSW
1752,XAIR
1753,KZR
1754,BVFL
1755,BSBK
1756,OCGN
1757,LIFE
1758,AXTI
1759,FUNC
1760,PLBY
1761,FFNW
1762,KVHI
1763,FOSL
1764,CPHC
1765,NAUT
1766,LWAY
1767,BRID
1768,CTMX
1769,SOND
1770,MINDP
1771,CRVS
1772,NNBR
1773,VXRT
1774,FGMC
1775,MMLP
1776,BFIN
1777,DTOC
1778,UNB
1779,RGF
1780,FNWD
1781,RENB
1782,ATHA
1783,FXNC
1784,ALOT
1785,GLYC
1786,LAKE
1787,DTOCU
1788,FLXS
1789,NOTV
1790,AENT
1791,SLAC
1792,PAYS
1793,CONN
1794,MLGO
1795,ETON
1796,QUIK
1797,BEEM
1798,MNTX
1799,RENT
1800,VERU
1801,AXDX
1802,SNCR
1803,VERI
1804,SCYX
1805,EBMT
1806,TCRX
1807,APEI
1808,TZOO
1809,CPTN
1810,MAYS
1811,PRCH
1812,GTHX
1813,MDWT
1814,UPLD
1815,CYT
1816,VCXA
1817,CMCT
1818,PROV
1819,NKTX
1820,PRPH
1821,PYXS
1822,KRON
1823,ACHV
1824,SBFG
1825,RLMD
1826,SSSS
1827,VERY
1828,TCRT
1829,NEOV
1830,HOWL
1831,ACNT
1832,STRT
1833,ACET
1834,IVAC
1835,PSNL
1836,KITT
1837,CSBR
1838,SIEB
1839,GSIT
1840,APLT
1841,CRDF
1842,CODA
1843,STTK
1844,GALT
1845,CMRX
1846,DAVE
1847,TBNK
1848,OCUP
1849,SPRB
1850,IMNM
1851,BYRN
1852,CXAI
1853,DRRX
1854,RVPH
1855,ASTR
1856,LVLU
1857,LIVE
1858,OCCI
1859,FORA
1860,CASA
1861,PFIE
1862,CDTX
1863,MCHX
1864,WFCF
1865,PXLW
1866,SND
1867,SYRS
1868,CMLS
1869,OXLCP
1870,IMUX
1871,FLUX
1872,BKSC
1873,AUVIP
1874,RBKB
1875,XLO
1876,OMEX
1877,GMGI
1878,EYEN
1879,BWEN
1880,DMTK
1881,VTVT
1882,IKT
1883,ABEO
1884,PCTI
1885,SLNG
1886,HCWB
1887,DMAC
1888,DZSI
1889,HYMC
1890,SCOR
1891,INSG
1892,SLDB
1893,TKNO
1894,CRIS
1895,ANEB
1896,PWFL
1897,VIRC
1898,QUBT
1899,MKUL
1900,TACT
1901,BYFC
1902,MULN
1903,MESA
1904,SERA
1905,EVLO
1906,ZYNE
1907,SOTK
1908,FBIO
1909,AUID
1910,SPRO
1911,GECC
1912,LTBR
1913,PPIH
1914,TECTP
1915,VTSI
1916,BZFD
1917,EAR
1918,ELYM
1919,KPLT
1920,TCBC
1921,LEE
1922,SURG
1923,BEAT
1924,WRAP
1925,FHLT
1926,FIXX
1927,IDEX
1928,STRM
1929,AVRO
1930,CLOE
1931,ADES
1932,IPWR
1933,SLDPW
1934,BCLI
1935,CLSD
1936,DARE
1937,VTGN
1938,TAYD
1939,LFVN
1940,LUCD
1941,CSPI
1942,TPCS
1943,BBLGW
1944,LGVN
1945,TIL
1946,ARKR
1947,ICAD
1948,RSSS
1949,GEG
1950,SCTL
1951,FEIM
1952,TOI
1953,INKT
1954,QMCO
1955,PPSI
1956,VANI
1957,KSCP
1958,NHTC
1959,VIA
1960,APCX
1961,NERV
1962,LPTH
1963,DTIL
1964,KTCC
1965,RKDA
1966,MVLA
1967,AEYE
1968,HOOK
1969,ROSE
1970,CELL
1971,RDI
1972,ITAQ
1973,GOEVW
1974,RVYL
1975,CSSE
1976,PDEX
1977,SSIC
1978,HOUR
1979,BAFN
1980,HLTH
1981,DYAI
1982,HSON
1983,XOS
1984,GIFI
1985,LRFC
1986,ICMB
1987,SRTS
1988,CLNN
1989,CELU
1990,SELF
1991,LIDR
1992,ASRV
1993,CETY
1994,MOVE
1995,SURF
1996,DUNE
1997,DUNEU
1998,LOAN
1999,ONDS
2000,REFR
2001,VIRX
2002,FARM
2003,SDIG
2004,GAIA
2005,HNNA
2006,FRBK
2007,RAIL
2008,FLNT
2009,MYMD
2010,RZLT
2011,OESX
2012,ASMB
2013,LTRN
2014,NXPL
2015,VWE
2016,RCAT
2017,ICCH
2018,ESOA
2019,CURI
2020,NSTS
2021,STIM
